pipeline_A,pipeline_B,n_det_A,n_total_A,n_det_B,n_total_B,n_seeds,seeds_favor_A,seeds_favor_B,seeds_tied,sign_test_p,log10_fisher_runlevel
PHT+ARF c=1,PHT+HT,0,1080,932,1080,30,0,30,0,1.862645149230957e-09,-453.7
SRP+PHT c=1,PHT+HT,0,1080,932,1080,30,0,30,0,1.862645149230957e-09,-453.7
KSWIN+ARF c=1,PHT+ARF c=1,1080,1080,0,1080,30,30,0,0,1.862645149230957e-09,-648.5
PHT+RF,PHT+ARF c=1,913,1080,0,1080,30,30,0,0,1.862645149230957e-09,-436.7
ADWIN+RF,ADWIN+ARF c=1,959,1080,1063,1080,30,0,30,0,1.862645149230957e-09,-21.3
EDDM+ARF c=1,EDDM+HT,0,1080,882,1080,30,0,30,0,1.862645149230957e-09,-410.7
